h-l,h-c,l-c,tr,PDM,MDM,DPD,DMD,NTR,NPDM,NMDM,ADX,ADXR,PDI,MDI,DX,date,ind
0.15000000000000036,,,0.15000000000000036,,,,,0.0,0.0,0.0,0.0,0.0,,,,2017-08-07,0
0.15000000000000036,0.040000000000000924,0.10999999999999943,0.15000000000000036,-0.0600000000000005,0.0600000000000005,0.0,0.0600000000000005,0.0,0.0,0.0,0.0,0.0,,,,2017-08-08,1
0.20000000000000107,0.0600000000000005,0.14000000000000057,0.20000000000000107,-0.009999999999999787,0.0600000000000005,0.0,0.0600000000000005,0.0,0.0,0.0,0.0,0.0,,,,2017-08-09,2
0.3100000000000005,0.08000000000000007,0.23000000000000043,0.3100000000000005,-0.08000000000000007,0.1899999999999995,0.0,0.1899999999999995,0.0,0.0,0.0,0.0,0.0,,,,2017-08-10,3
0.15000000000000036,0.02000000000000135,0.129999999999999,0.15000000000000036,-0.16999999999999993,0.009999999999999787,0.0,0.009999999999999787,0.0,0.0,0.0,0.0,0.0,,,,2017-08-11,4
0.4299999999999997,0.379999999999999,0.05000000000000071,0.4299999999999997,0.28999999999999915,-0.009999999999999787,0.28999999999999915,0.0,0.0,0.0,0.0,0.0,0.0,,,,2017-08-14,5
0.120000000000001,0.030000000000001137,0.08999999999999986,0.120000000000001,-0.049999999999998934,-0.2599999999999998,0.0,0.0,0.0,0.0,0.0,0.0,0.0,,,,2017-08-15,6
0.16999999999999993,0.120000000000001,0.049999999999998934,0.16999999999999993,0.10999999999999943,-0.0600000000000005,0.10999999999999943,0.0,0.0,0.0,0.0,0.0,0.0,,,,2017-08-16,7
0.2599999999999998,0.21000000000000085,0.049999999999998934,0.2599999999999998,0.16000000000000014,-0.07000000000000028,0.16000000000000014,0.0,0.0,0.0,0.0,0.0,0.0,,,,2017-08-17,8
0.40000000000000036,0.3100000000000005,0.08999999999999986,0.40000000000000036,0.16999999999999993,-0.02999999999999936,0.16999999999999993,0.0,0.0,0.0,0.0,0.0,0.0,,,,2017-08-18,9
0.16999999999999993,0.09999999999999964,0.07000000000000028,0.16999999999999993,-0.120000000000001,-0.10999999999999943,0.0,0.0,0.0,0.0,0.0,0.0,0.0,,,,2017-08-21,10
0.25,0.009999999999999787,0.2400000000000002,0.25,-0.08000000000000007,0.16000000000000014,0.0,0.16000000000000014,0.0,0.0,0.0,0.0,0.0,,,,2017-08-22,11
0.23000000000000043,0.2400000000000002,0.009999999999999787,0.2400000000000002,0.010000000000001563,-0.030000000000001137,0.010000000000001563,0.0,2.610000000000003,0.7299999999999986,0.4800000000000004,0.0,0.0,27.969348659003746,18.390804597701145,20.661157024793255,2017-08-23,12
0.20999999999999908,0.019999999999999574,0.1899999999999995,0.20999999999999908,-0.11000000000000121,0.08999999999999986,0.0,0.08999999999999986,2.700000000000003,0.7400000000000002,0.41999999999999993,0.0,0.0,27.407407407407387,15.555555555555536,27.58620689655175,2017-08-24,13
0.28999999999999915,0.25,0.03999999999999915,0.28999999999999915,0.08000000000000007,0.0,0.08000000000000007,0.0,2.710000000000001,0.7400000000000002,0.4499999999999993,0.0,0.0,27.306273062730625,16.605166051660486,24.369747899159744,2017-08-25,14
0.4399999999999995,0.5899999999999999,0.15000000000000036,0.5899999999999999,0.5800000000000001,-0.4299999999999997,0.5800000000000001,0.0,2.6899999999999995,0.8200000000000003,0.2599999999999998,0.0,0.0,30.4832713754647,9.665427509293673,51.85185185185189,2017-08-28,15
0.2900000000000009,0.20000000000000107,0.08999999999999986,0.2900000000000009,-0.02999999999999936,-0.11999999999999922,0.0,0.0,3.129999999999999,1.4000000000000004,0.25,,0.0,44.72843450479236,7.987220447284347,69.69696969696972,2017-08-29,16
0.16999999999999993,0.08000000000000007,0.08999999999999986,0.16999999999999993,-0.07000000000000028,-0.05000000000000071,0.0,0.0,2.99,1.1100000000000012,0.25,,,37.12374581939803,8.361204013377927,63.23529411764708,2017-08-30,17
0.23999999999999844,0.05999999999999872,0.17999999999999972,0.23999999999999844,-0.040000000000000924,0.10999999999999943,0.0,0.10999999999999943,3.039999999999999,1.1100000000000012,0.25,,,36.51315789473689,8.223684210526319,63.235294117647086,2017-08-31,18
0.2599999999999998,0.21999999999999886,0.040000000000000924,0.2599999999999998,0.14000000000000057,-0.11999999999999922,0.14000000000000057,0.0,3.1099999999999977,1.0000000000000018,0.35999999999999943,,,32.15434083601295,11.57556270096462,47.05882352941192,2017-09-01,19
0.3100000000000005,0.28999999999999915,0.02000000000000135,0.3100000000000005,0.16000000000000014,-0.10999999999999943,0.16000000000000014,0.0,3.1099999999999977,0.9800000000000022,0.35999999999999943,,,31.5112540192927,11.57556270096462,46.26865671641807,2017-09-04,20
0.379999999999999,0.019999999999999574,0.35999999999999943,0.379999999999999,-0.0600000000000005,0.129999999999999,0.0,0.129999999999999,3.019999999999998,0.9700000000000024,0.35999999999999943,,,32.11920529801335,11.920529801324493,45.8646616541355,2017-09-05,21
0.1899999999999995,0.09999999999999964,0.08999999999999986,0.1899999999999995,-0.25,0.0600000000000005,0.0,0.0600000000000005,3.229999999999997,0.9700000000000024,0.48999999999999844,,,30.030959752322083,15.170278637770865,32.87671232876737,2017-09-06,22
0.16999999999999993,0.05000000000000071,0.11999999999999922,0.16999999999999993,-0.02999999999999936,0.009999999999999787,0.0,0.009999999999999787,3.1699999999999964,0.9700000000000024,0.3899999999999988,,,30.59936908517361,12.30283911671922,42.64705882352963,2017-09-07,23
0.5500000000000007,0.6799999999999997,0.129999999999999,0.6799999999999997,0.6600000000000001,-0.27999999999999936,0.6600000000000001,0.0,3.099999999999996,0.9600000000000009,0.3999999999999986,,,30.96774193548394,12.903225806451582,41.17647058823548,2017-09-08,24
0.23999999999999844,0.05000000000000071,0.28999999999999915,0.28999999999999915,-0.5400000000000009,0.22999999999999865,0.0,0.22999999999999865,3.5699999999999967,1.620000000000001,0.3099999999999987,,,45.378151260504275,8.683473389355715,67.8756476683939,2017-09-11,25
0.33000000000000007,0.27999999999999936,0.05000000000000071,0.33000000000000007,0.16000000000000014,-0.06999999999999851,0.16000000000000014,0.0,3.5699999999999967,1.540000000000001,0.5399999999999974,,,43.137254901960844,15.126050420168008,48.076923076923286,2017-09-12,26
0.16999999999999993,0.07000000000000028,0.09999999999999964,0.16999999999999993,-0.1899999999999995,0.02999999999999936,0.0,0.02999999999999936,3.309999999999997,1.120000000000001,0.5399999999999974,,,33.836858006042355,16.31419939577033,34.93975903614482,2017-09-13,27
0.15000000000000036,0.120000000000001,0.02999999999999936,0.15000000000000036,-0.019999999999999574,0.0,0.0,0.0,3.189999999999996,1.120000000000001,0.5699999999999967,45.46382718916128,,35.109717868338635,17.868338557993653,32.544378698225145,2017-09-14,28
0.1999999999999993,0.019999999999999574,0.17999999999999972,0.1999999999999993,-0.040000000000000924,0.08999999999999986,0.0,0.08999999999999986,3.1699999999999964,1.120000000000001,0.5699999999999967,46.20652854375078,,35.331230283911744,17.981072555204968,32.54437869822514,2017-09-15,29
0.16999999999999993,0.10000000000000142,0.06999999999999851,0.16999999999999993,-0.05999999999999872,0.02999999999999936,0.0,0.02999999999999936,3.1299999999999972,1.120000000000001,0.5499999999999972,46.51641428135537,,35.78274760383393,17.571884984025484,34.13173652694638,2017-09-18,30
0.21999999999999886,0.03999999999999915,0.17999999999999972,0.21999999999999886,-0.030000000000001137,0.08000000000000007,0.0,0.08000000000000007,3.0399999999999974,0.9800000000000004,0.5799999999999965,47.12653857059203,,32.2368421052632,19.078947368420955,25.641025641025937,2017-09-19,31
0.23000000000000043,0.14000000000000057,0.08999999999999986,0.23000000000000043,-0.03999999999999915,0.05000000000000071,0.0,0.05000000000000071,2.9499999999999957,0.8200000000000003,0.6599999999999966,45.48836193241541,,27.796610169491576,22.37288135593212,10.810810810811086,2017-09-20,32
0.2699999999999996,0.07000000000000028,0.1999999999999993,0.2699999999999996,0.0,0.03999999999999915,0.0,0.03999999999999915,2.799999999999997,0.8200000000000003,0.5799999999999983,41.80797700203049,,29.285714285714327,20.714285714285673,17.14285714285731,2017-09-21,33
0.22000000000000064,0.16000000000000014,0.0600000000000005,0.22000000000000064,-0.09999999999999964,0.05000000000000071,0.0,0.05000000000000071,2.8799999999999972,0.8200000000000003,0.559999999999997,38.92719969110613,,28.47222222222226,19.444444444444358,18.840579710145207,2017-09-22,34
0.23000000000000043,0.0,0.23000000000000043,0.23000000000000043,-0.030000000000001137,0.040000000000000924,0.0,0.040000000000000924,2.929999999999998,0.8200000000000003,0.5999999999999979,36.15253004063727,,27.98634812286692,20.477815699658645,15.49295774647906,2017-09-25,35
0.16999999999999993,0.15000000000000036,0.019999999999999574,0.16999999999999993,0.0,-0.0600000000000005,0.0,0.0,2.4799999999999986,0.16000000000000014,0.6399999999999988,34.179663429203956,,6.451612903225816,25.806451612903192,59.99999999999991,2017-09-26,36
0.10999999999999943,0.0600000000000005,0.049999999999998934,0.10999999999999943,-0.009999999999999787,-0.05000000000000071,0.0,0.0,2.3599999999999994,0.16000000000000014,0.41000000000000014,35.03787238442782,,6.779661016949161,17.37288135593221,43.859649122806985,2017-09-27,37
0.22999999999999865,0.22999999999999865,0.0,0.22999999999999865,0.17999999999999972,-0.0600000000000005,0.17999999999999972,0.0,2.139999999999999,0.0,0.41000000000000014,34.91255910121979,,0.0,19.158878504672916,100.0,2017-09-28,38
0.15000000000000036,0.0600000000000005,0.08999999999999986,0.15000000000000036,-0.03999999999999915,-0.03999999999999915,0.0,0.0,2.1999999999999975,0.17999999999999972,0.3800000000000008,39.107764580671834,,8.181818181818178,17.27272727272733,35.71428571428588,2017-09-29,39
0.22000000000000064,0.2900000000000009,0.07000000000000028,0.2900000000000009,0.15000000000000036,-0.08000000000000007,0.15000000000000036,0.0,2.1999999999999975,0.17999999999999972,0.3800000000000008,38.6744662613441,,8.181818181818178,17.27272727272733,35.71428571428588,2017-10-09,40
0.17999999999999972,0.08000000000000007,0.09999999999999964,0.17999999999999972,0.02999999999999936,-0.07000000000000028,0.02999999999999936,0.0,2.289999999999999,0.33000000000000007,0.2900000000000009,38.33307970672225,,14.410480349344986,12.66375545851533,6.451612903225651,2017-10-10,41
0.15000000000000036,0.0600000000000005,0.08999999999999986,0.15000000000000036,-0.019999999999999574,-0.009999999999999787,0.0,0.0,2.299999999999999,0.35999999999999943,0.26000000000000156,34.49407753389923,,15.65217391304346,11.30434782608703,16.129032258064147,2017-10-11,42
0.29999999999999893,0.049999999999998934,0.25,0.29999999999999893,-0.02000000000000135,0.16999999999999993,0.0,0.16999999999999993,2.2300000000000004,0.35999999999999943,0.1800000000000015,32.49733435772053,,16.143497757847506,8.071748878923831,33.3333333333329,2017-10-12,43
0.16000000000000014,0.07000000000000028,0.08999999999999986,0.16000000000000014,-0.1399999999999988,0.0,0.0,0.0,2.299999999999999,0.35999999999999943,0.3000000000000007,32.39693275129479,41.71397056024868,15.65217391304346,13.043478260869602,9.090909090908896,2017-10-13,44
0.3200000000000003,0.02000000000000135,0.29999999999999893,0.3200000000000003,-0.019999999999999574,0.17999999999999972,0.0,0.17999999999999972,2.1899999999999995,0.35999999999999943,0.26000000000000156,30.931090900837525,40.89101455748042,16.43835616438354,11.872146118721535,16.129032258064147,2017-10-16,45
0.14999999999999858,0.05999999999999872,0.08999999999999986,0.14999999999999858,-0.26000000000000156,0.08999999999999986,0.0,0.08999999999999986,2.289999999999999,0.35999999999999943,0.39000000000000057,29.905131748327463,39.84468458914475,15.72052401746723,17.030567685589553,4.0000000000001545,2017-10-17,46
0.33999999999999986,0.03999999999999915,0.3000000000000007,0.33999999999999986,-0.08999999999999986,0.28000000000000114,0.0,0.28000000000000114,2.2099999999999973,0.35999999999999943,0.4399999999999995,28.021898215393325,38.74235698379863,16.28959276018099,19.90950226244344,10.000000000000014,2017-10-18,47
0.22000000000000064,0.11000000000000121,0.10999999999999943,0.22000000000000064,-0.21999999999999886,0.09999999999999964,0.0,0.09999999999999964,2.3799999999999972,0.35999999999999943,0.7200000000000006,27.044334112829205,37.430614865790325,15.126050420168061,30.252100840336198,33.33333333333344,2017-10-19,48
0.17999999999999972,0.10999999999999943,0.07000000000000028,0.17999999999999972,-0.040000000000000924,0.0,0.0,0.0,2.4899999999999984,0.35999999999999943,0.8200000000000003,28.451991770486853,36.21676537065594,14.457831325301191,32.931726907630555,38.983050847457704,2017-10-20,49
0.10999999999999943,0.009999999999999787,0.09999999999999964,0.10999999999999943,0.009999999999999787,-0.08000000000000007,0.009999999999999787,0.0,2.4399999999999995,0.17999999999999972,0.8200000000000003,29.817003877024376,35.46999489728806,7.377049180327859,33.6065573770492,64.00000000000006,2017-10-23,50
0.2599999999999998,0.23000000000000043,0.02999999999999936,0.2599999999999998,0.23000000000000043,-0.08000000000000007,0.23000000000000043,0.0,2.3999999999999986,0.1899999999999995,0.8200000000000003,32.6394676451403,34.985920915566545,7.916666666666651,34.1666666666667,62.376237623762464,2017-10-24,51
0.16999999999999993,0.05999999999999872,0.11000000000000121,0.16999999999999993,0.019999999999999574,-0.10999999999999943,0.019999999999999574,0.0,2.3699999999999974,0.2699999999999996,0.8200000000000003,35.56967263747052,34.94275850135522,11.392405063291132,34.59915611814351,50.45871559633035,2017-10-25,52
0.16999999999999993,0.02999999999999936,0.14000000000000057,0.16999999999999993,-0.009999999999999787,0.009999999999999787,0.0,0.009999999999999787,2.3599999999999977,0.2599999999999998,0.8200000000000003,34.97334236224117,35.21277188889253,11.016949152542376,34.74576271186445,51.85185185185189,2017-10-26,53
0.15000000000000036,0.049999999999998934,0.10000000000000142,0.15000000000000036,0.0,-0.019999999999999574,0.0,0.0,2.3799999999999972,0.2599999999999998,0.8300000000000001,35.47285503280647,35.171468120304034,10.924369747899163,34.87394957983197,52.29357798165141,2017-10-27,54
0.4399999999999995,0.0799999999999983,0.3600000000000012,0.4399999999999995,0.019999999999999574,0.2699999999999996,0.0,0.2699999999999996,2.2299999999999986,0.2599999999999998,0.6600000000000001,32.491203656659685,35.23770615793853,11.659192825112106,29.596412556053835,43.47826086956525,2017-10-30,55
0.16000000000000014,0.019999999999999574,0.17999999999999972,0.17999999999999972,-0.03999999999999915,-0.2400000000000002,0.0,0.0,2.509999999999998,0.2599999999999998,0.9299999999999997,32.976452103864645,34.63781788917859,10.358565737051793,37.05179282868528,56.30252100840338,2017-10-31,56
0.1999999999999993,0.049999999999998934,0.15000000000000036,0.1999999999999993,0.03999999999999915,0.0,0.03999999999999915,0.0,2.3699999999999974,0.2599999999999998,0.75,34.26321680974699,34.31202003228644,10.9704641350211,31.645569620253198,48.51485148514854,2017-11-01,57
0.11999999999999922,0.049999999999998934,0.07000000000000028,0.11999999999999922,-0.08999999999999986,0.009999999999999787,0.0,0.009999999999999787,2.419999999999998,0.29999999999999893,0.6600000000000001,36.89216922111717,34.13807639534313,12.396694214875998,27.2727272727273,37.50000000000016,2017-11-02,58
0.3100000000000005,0.16999999999999993,0.14000000000000057,0.3100000000000005,0.11000000000000121,0.08000000000000007,0.11000000000000121,0.0,2.1999999999999975,0.29999999999999893,0.3899999999999988,38.22785470498817,34.452266651504885,13.636363636363601,17.72727272727269,13.043478260869593,2017-11-03,59
0.16999999999999993,0.040000000000000924,0.21000000000000085,0.21000000000000085,-0.14000000000000057,0.0,0.0,0.0,2.2899999999999974,0.41000000000000014,0.28999999999999915,36.95973876295922,34.89390451595105,17.903930131004394,12.663755458515261,17.142857142857302,2017-11-06,60
0.25,0.09999999999999964,0.15000000000000036,0.25,0.0,0.08000000000000007,0.0,0.08000000000000007,2.3199999999999985,0.41000000000000014,0.28999999999999915,37.462985516206,35.09982264530327,17.672413793103466,12.499999999999972,17.142857142857302,2017-11-07,61
0.22000000000000064,0.14000000000000057,0.08000000000000007,0.22000000000000064,-0.009999999999999787,-0.019999999999999574,0.0,0.0,2.459999999999999,0.40000000000000036,0.3699999999999992,37.52634957150557,35.53951898084172,16.26016260162604,15.040650406504039,3.8961038961040537,2017-11-08,62
0.14000000000000057,0.02999999999999936,0.11000000000000121,0.14000000000000057,-0.07000000000000028,-0.009999999999999787,0.0,0.0,2.42,0.16999999999999993,0.3699999999999992,37.519856065012064,36.01980534824657,7.0247933884297495,15.289256198347076,37.03703703703696,2017-11-09,63
0.15000000000000036,0.03999999999999915,0.11000000000000121,0.15000000000000036,0.0,0.009999999999999787,0.0,0.009999999999999787,2.3900000000000006,0.15000000000000036,0.3699999999999992,39.209670879826874,36.613021869691906,6.276150627615077,15.481171548117118,42.307692307692115,2017-11-10,64
0.16000000000000014,0.05999999999999872,0.10000000000000142,0.16000000000000014,-0.0600000000000005,0.07000000000000028,0.0,0.07000000000000028,2.370000000000001,0.15000000000000036,0.3699999999999992,39.77056831572429,37.47896884355518,6.329113924050646,15.61181434599152,42.30769230769211,2017-11-13,65
0.15000000000000036,0.0,0.15000000000000036,0.15000000000000036,-0.09999999999999964,0.08999999999999986,0.0,0.08999999999999986,2.380000000000001,0.15000000000000036,0.4399999999999995,39.97835840698894,38.22143596737611,6.302521008403374,18.487394957983167,49.15254237288123,2017-11-14,66
1.0399999999999991,1.2400000000000002,0.20000000000000107,1.2400000000000002,1.0999999999999996,-0.21000000000000085,1.0999999999999996,0.0,2.0900000000000016,0.15000000000000036,0.2599999999999998,39.05039230529402,38.869507506202936,7.177033492822978,12.44019138755979,26.82926829268278,2017-11-15,67
0.5399999999999991,0.33000000000000007,0.20999999999999908,0.5399999999999991,-0.33999999999999986,-0.16000000000000014,0.0,0.0,3.150000000000002,1.25,0.2599999999999998,36.82870672210152,39.21219241610662,39.682539682539655,8.25396825396824,65.56291390728481,2017-11-16,68
0.6899999999999995,0.27999999999999936,0.41000000000000014,0.6899999999999995,0.16999999999999993,-0.019999999999999574,0.16999999999999993,0.0,3.490000000000002,1.2100000000000009,0.2599999999999998,37.77271911653618,39.15202669744652,34.6704871060172,7.449856733524345,64.62585034013611,2017-11-17,69
0.5399999999999991,0.21999999999999886,0.3200000000000003,0.5399999999999991,0.16000000000000014,-0.3100000000000005,0.16000000000000014,0.0,4.060000000000002,1.3800000000000008,0.25,38.57109402205394,39.38598851924213,33.99014778325123,6.157635467980292,69.32515337423314,2017-11-20,70
0.25,0.02999999999999936,0.22000000000000064,0.25,-0.08999999999999986,-0.1999999999999993,0.0,0.0,4.290000000000001,1.4299999999999997,0.25,39.6355674840903,39.62952688766495,33.33333333333332,5.827505827505827,70.23809523809523,2017-11-21,71
0.620000000000001,0.3800000000000008,0.2400000000000002,0.620000000000001,0.22000000000000064,0.15000000000000036,0.22000000000000064,0.0,4.33,1.4299999999999997,0.25,41.30805713212342,40.142579218256635,33.02540415704387,5.773672055427252,70.23809523809524,2017-11-22,72
0.5199999999999996,0.08999999999999986,0.6099999999999994,0.6099999999999994,-0.22000000000000064,0.11999999999999922,0.0,0.11999999999999922,4.700000000000001,1.6500000000000004,0.16999999999999993,42.17903052147916,40.76783513552488,35.1063829787234,3.617021276595742,81.31868131868133,2017-11-23,73
0.35999999999999943,0.17999999999999972,0.17999999999999972,0.35999999999999943,-0.09999999999999964,-0.0600000000000005,0.0,0.0,5.09,1.6500000000000004,0.28999999999999915,44.22926988607497,41.317009329342866,32.41650294695482,5.697445972495071,70.10309278350523,2017-11-24,74
0.5,0.41999999999999993,0.08000000000000007,0.5,0.3000000000000007,-0.16000000000000014,0.3000000000000007,0.0,5.309999999999999,1.6500000000000004,0.28999999999999915,46.26696318504403,41.903718081189965,31.07344632768363,5.461393596986803,70.10309278350523,2017-11-27,75
0.5400000000000009,0.019999999999999574,0.5600000000000005,0.5600000000000005,-0.2400000000000002,0.28000000000000114,0.0,0.28000000000000114,5.659999999999998,1.950000000000001,0.27999999999999936,49.83318909270876,42.53351819237903,34.45229681978802,4.946996466431085,74.88789237668168,2017-11-28,76
0.5300000000000011,0.07000000000000028,0.6000000000000014,0.6000000000000014,-0.2400000000000002,0.23000000000000043,0.0,0.23000000000000043,6.059999999999999,1.950000000000001,0.4900000000000002,53.442253794822776,43.56099795721742,32.1782178217822,8.08580858085809,59.83606557377048,2017-11-29,77
0.2599999999999998,0.040000000000000924,0.3000000000000007,0.3000000000000007,-0.46000000000000085,0.1899999999999995,0.0,0.1899999999999995,6.51,1.950000000000001,0.6300000000000008,56.11057932175485,44.7852687685131,29.95391705069126,9.677419354838722,51.162790697674396,2017-11-30,78
0.20000000000000107,0.05000000000000071,0.15000000000000036,0.20000000000000107,0.030000000000001137,-0.08999999999999986,0.030000000000001137,0.0,5.57,0.8500000000000014,0.8200000000000003,59.064747246852995,46.113553473336935,15.260323159784587,14.72172351885099,1.7964071856288228,2017-12-01,79
0.25,0.0,0.25,0.25,-0.030000000000001137,0.08000000000000007,0.0,0.08000000000000007,5.230000000000002,0.8800000000000026,0.8200000000000003,56.86220788113999,47.64474466752063,16.82600382409182,15.678776290630974,3.5294117647060106,2017-12-04,80
0.5499999999999989,0.17999999999999972,0.3699999999999992,0.5499999999999989,0.16999999999999993,0.129999999999999,0.16999999999999993,0.0,4.790000000000003,0.7100000000000026,0.9000000000000004,54.43856534720336,48.61036951974563,14.82254697286017,18.78914405010438,11.801242236024684,2017-12-05,81
0.8399999999999999,0.02000000000000135,0.8600000000000012,0.8600000000000012,-0.5700000000000003,0.8600000000000012,0.0,0.8600000000000012,4.8000000000000025,0.7200000000000024,0.9000000000000004,52.53191221772414,49.37564167584204,15.000000000000044,18.749999999999996,11.111111111110954,2017-12-06,82
0.2699999999999996,0.14000000000000057,0.129999999999999,0.2699999999999996,-0.3699999999999992,-0.20000000000000107,0.0,0.0,5.410000000000004,0.7200000000000024,1.7600000000000016,50.154322763863505,50.041072968420536,13.308687615526837,32.53234750462108,41.93548387096765,2017-12-07,83
0.3099999999999987,0.1999999999999993,0.10999999999999943,0.3099999999999987,0.11999999999999922,-0.08000000000000007,0.11999999999999922,0.0,5.060000000000002,0.5000000000000018,1.7600000000000016,51.098461237506314,50.586469281214846,9.881422924901216,34.782608695652186,55.75221238938044,2017-12-08,84
0.16000000000000014,0.16000000000000014,0.0,0.16000000000000014,-0.05999999999999872,-0.08999999999999986,0.0,0.0,4.760000000000002,0.620000000000001,1.6400000000000023,50.48529239263729,51.537337593030315,13.025210084033631,34.45378151260508,45.13274336283185,2017-12-11,85
0.22000000000000064,0.05000000000000071,0.16999999999999993,0.22000000000000064,0.009999999999999787,0.05000000000000071,0.0,0.05000000000000071,4.560000000000002,0.620000000000001,1.6400000000000023,49.26697320655578,52.29355036998233,13.59649122807019,35.96491228070179,45.132743362831846,2017-12-12,86
0.1899999999999995,0.08000000000000007,0.10999999999999943,0.1899999999999995,-0.0600000000000005,0.02999999999999936,0.0,0.02999999999999936,4.280000000000003,0.3200000000000003,1.690000000000003,47.75494758084321,52.88589786988359,7.476635514018694,39.48598130841126,68.15920398009952,2017-12-13,87
0.3000000000000007,0.019999999999999574,0.28000000000000114,0.3000000000000007,-0.08999999999999986,0.20000000000000107,0.0,0.20000000000000107,3.910000000000002,0.3200000000000003,1.4400000000000013,47.62501687721847,53.29885752432361,8.184143222506398,36.82864450127879,63.636363636363626,2017-12-14,88
0.14999999999999858,0.019999999999999574,0.129999999999999,0.14999999999999858,-0.22000000000000064,0.06999999999999851,0.0,0.06999999999999851,3.610000000000001,0.3200000000000003,1.410000000000002,47.21240865211024,53.68554683941551,8.864265927977845,39.05817174515239,63.00578034682081,2017-12-15,89
0.3299999999999983,0.02999999999999936,0.29999999999999893,0.3299999999999983,-0.08000000000000007,0.2599999999999998,0.0,0.2599999999999998,3.459999999999999,0.3200000000000003,1.290000000000001,46.06785234136895,53.974344958510684,9.248554913294809,37.283236994219685,60.248447204968926,2017-12-18,90
0.09999999999999964,0.09999999999999964,0.0,0.09999999999999964,-0.16999999999999993,-0.05999999999999872,0.0,0.0,3.5899999999999963,0.28999999999999915,1.5500000000000007,45.45193699271043,54.01772159254523,8.077994428969344,43.17548746518112,68.4782608695653,2017-12-19,91
0.2699999999999996,0.0,0.2699999999999996,0.2699999999999996,-0.03999999999999915,0.20999999999999908,0.0,0.20999999999999908,3.439999999999996,0.28999999999999915,1.4700000000000006,45.35038499808917,53.928287746233224,8.43023255813952,42.73255813953495,67.04545454545463,2017-12-20,92
0.3100000000000005,0.0600000000000005,0.25,0.3100000000000005,-0.1999999999999993,0.2400000000000002,0.0,0.2400000000000002,3.1599999999999966,0.11999999999999922,1.6799999999999997,44.86023263363749,53.64176549065566,3.797468354430359,53.164556962025365,86.66666666666674,2017-12-21,93
0.13000000000000078,0.05000000000000071,0.08000000000000007,0.13000000000000078,0.009999999999999787,-0.1899999999999995,0.009999999999999787,0.0,2.609999999999996,0.11999999999999922,1.0599999999999987,46.53714520194351,53.074754645303344,4.597701149425264,40.613026819923384,79.66101694915265,2017-12-22,94
0.3999999999999986,0.1899999999999995,0.20999999999999908,0.3999999999999986,0.14999999999999858,0.11999999999999922,0.14999999999999858,0.0,2.469999999999997,0.129999999999999,1.0599999999999987,48.3182843426609,52.58122204833427,5.263157894736808,42.91497975708502,78.15126050420182,2017-12-25,95
0.27000000000000135,0.2400000000000002,0.030000000000001137,0.27000000000000135,-0.15999999999999837,0.030000000000001137,0.0,0.030000000000001137,2.559999999999997,0.15999999999999837,1.0599999999999987,53.09046267507171,52.02088931311711,6.249999999999944,41.40625,73.77049180327889,2017-12-26,96
0.25,0.14000000000000057,0.10999999999999943,0.25,0.049999999999998934,-0.07000000000000028,0.049999999999998934,0.0,2.669999999999998,0.15999999999999837,1.0899999999999999,57.480530177482514,52.08341638351352,5.992509363295824,40.82397003745321,74.40000000000022,2017-12-27,97
0.22000000000000064,0.1899999999999995,0.030000000000001137,0.22000000000000064,-0.02999999999999936,0.0,0.0,0.0,2.6999999999999975,0.2099999999999973,1.0399999999999991,61.39295253773099,52.547918404306635,7.777777777777685,38.518518518518526,66.40000000000033,2017-12-28,98
0.21999999999999886,0.1899999999999995,0.02999999999999936,0.21999999999999886,0.11999999999999922,-0.120000000000001,0.11999999999999922,0.0,2.7299999999999986,0.2099999999999973,1.0099999999999998,64.84850809328658,53.3462598218226,7.692307692307597,36.99633699633701,65.57377049180364,2017-12-29,99
0.1899999999999995,0.11999999999999922,0.07000000000000028,0.1899999999999995,0.08999999999999986,-0.11999999999999922,0.08999999999999986,0.0,2.649999999999997,0.3299999999999965,0.8099999999999987,66.32590100708883,54.480618627133765,12.452830188679128,30.566037735849044,42.1052631578951,2018-01-02,100
0.17999999999999972,0.11999999999999922,0.0600000000000005,0.17999999999999972,0.08000000000000007,-0.08999999999999986,0.08000000000000007,0.0,2.6899999999999977,0.4199999999999964,0.7400000000000002,65.47296668012099,55.524670669845314,15.613382899628132,27.509293680297432,27.58620689655214,2018-01-03,101
0.15000000000000036,0.010000000000001563,0.1399999999999988,0.15000000000000036,-0.05999999999999872,0.02999999999999936,0.0,0.02999999999999936,2.539999999999999,0.49999999999999645,0.4800000000000004,64.37630815097852,56.40809191737755,19.68503937007861,18.897637795275614,2.0408163265302184,2018-01-04,102
0.07000000000000028,0.05000000000000071,0.019999999999999574,0.07000000000000028,0.0,-0.08000000000000007,0.0,0.0,2.59,0.49999999999999645,0.5099999999999998,61.683062711209665,57.28388419333256,19.30501930501917,19.691119691119685,0.9900990099013265,2018-01-05,103
0.15000000000000036,0.05000000000000071,0.09999999999999964,0.15000000000000036,0.009999999999999787,0.07000000000000028,0.0,0.07000000000000028,2.3900000000000006,0.49999999999999645,0.3000000000000007,57.484993650572285,57.98606354899492,20.920502092050057,12.552301255230153,24.999999999999552,2018-01-08,104
0.129999999999999,0.019999999999999574,0.10999999999999943,0.129999999999999,-0.05000000000000071,0.02999999999999936,0.0,0.02999999999999936,2.2300000000000004,0.49999999999999645,0.13000000000000078,55.07022092329952,58.33993278103969,22.421524663676966,5.829596412556088,58.73015873015829,2018-01-09,105
0.16999999999999993,0.049999999999998934,0.120000000000001,0.16999999999999993,-0.0600000000000005,0.10000000000000142,0.0,0.10000000000000142,2.2299999999999986,0.48999999999999666,0.16000000000000014,54.80299457225812,58.68012275253448,21.97309417040345,7.1748878923766926,50.76923076923049,2018-01-10,106
0.4200000000000017,0.3000000000000007,0.120000000000001,0.4200000000000017,0.1800000000000015,0.07000000000000028,0.1800000000000015,0.0,2.0,0.3399999999999981,0.26000000000000156,54.21054354502447,59.20936749502496,16.999999999999904,13.000000000000078,13.333333333332762,2018-01-11,107
0.21000000000000085,0.040000000000000924,0.16999999999999993,0.21000000000000085,0.0,-0.21000000000000085,0.0,0.0,2.1500000000000004,0.5199999999999996,0.23000000000000043,50.76398557400993,59.71975221534249,24.186046511627886,10.697674418604668,38.66666666666656,2018-01-12,108
0.4299999999999997,0.02999999999999936,0.4599999999999991,0.4599999999999991,-0.21000000000000085,0.4299999999999997,0.0,0.4299999999999997,2.110000000000001,0.47000000000000064,0.23000000000000043,48.99031133158568,59.842692378149124,22.274881516587694,10.900473933649304,34.285714285714256,2018-01-15,109
0.22000000000000064,0.11000000000000121,0.10999999999999943,0.22000000000000064,-0.2699999999999996,0.0600000000000005,0.0,0.0600000000000005,2.3499999999999996,0.47000000000000064,0.6600000000000001,45.71650180777614,59.98996765661937,20.00000000000003,28.085106382978736,16.814159292035352,2018-01-16,110
0.28999999999999915,0.15999999999999837,0.13000000000000078,0.28999999999999915,0.05999999999999872,0.009999999999999787,0.05999999999999872,0.0,2.3500000000000014,0.3500000000000014,0.7200000000000006,41.7885732042063,59.734064349245806,14.893617021276647,30.638297872340438,34.579439252336314,2018-01-17,111
0.16000000000000014,0.129999999999999,0.030000000000001137,0.16000000000000014,0.05000000000000071,-0.17999999999999972,0.05000000000000071,0.0,2.450000000000001,0.3200000000000003,0.7200000000000006,39.06533437596471,59.08046186536928,13.061224489795926,29.38775510204083,38.46153846153846,2018-01-18,112
0.21000000000000085,0.14000000000000057,0.07000000000000028,0.21000000000000085,0.05000000000000071,0.0,0.05000000000000071,0.0,2.4300000000000015,0.2900000000000009,0.7200000000000006,36.85852479210593,58.03368891990999,11.934156378600854,29.62962962962964,42.57425742574249,2018-01-19,113
0.33999999999999986,0.28999999999999915,0.05000000000000071,0.33999999999999986,0.20999999999999908,-0.08000000000000007,0.20999999999999908,0.0,2.490000000000002,0.34000000000000163,0.6900000000000013,34.869415881214834,56.606887984332786,13.654618473895638,27.710843373494004,33.98058252427171,2018-01-22,114
0.16999999999999993,0.10999999999999943,0.0600000000000005,0.16999999999999993,0.08000000000000007,-0.25,0.08000000000000007,0.0,2.7600000000000016,0.5500000000000007,0.6900000000000013,32.843202288981786,54.82484763636984,19.927536231884073,25.000000000000032,11.290322580645187,2018-01-23,115
0.33000000000000007,0.2599999999999998,0.07000000000000028,0.33000000000000007,0.22000000000000064,-0.0600000000000005,0.22000000000000064,0.0,2.780000000000001,0.6300000000000008,0.620000000000001,29.45048679453439,52.697877674086214,22.661870503597143,22.302158273381323,0.7999999999999823,2018-01-24,116
0.34999999999999964,0.16999999999999993,0.17999999999999972,0.34999999999999964,0.1399999999999988,-0.11999999999999922,0.1399999999999988,0.0,2.980000000000002,0.8500000000000014,0.5900000000000016,26.86890784716594,50.18111956739861,28.52348993288593,19.798657718120847,18.055555555555497,2018-01-25,117
0.2599999999999998,0.22000000000000064,0.03999999999999915,0.2599999999999998,-0.129999999999999,0.03999999999999915,0.0,0.03999999999999915,3.160000000000002,0.9900000000000002,0.4900000000000002,26.27324213835365,47.6070172061284,31.329113924050624,15.506329113924048,33.783783783783775,2018-01-26,118
0.3100000000000005,0.22000000000000064,0.08999999999999986,0.3100000000000005,0.07000000000000028,-0.019999999999999574,0.07000000000000028,0.0,3.0,0.8099999999999987,0.5299999999999994,28.257177604431995,45.188346473538566,26.999999999999957,17.666666666666643,20.89552238805969,2018-01-29,119
0.25,0.16000000000000014,0.08999999999999986,0.25,-0.08999999999999986,0.02999999999999936,0.0,0.02999999999999936,3.0999999999999996,0.879999999999999,0.5299999999999994,29.501266565566894,43.22322462099485,28.38709677419352,17.09677419354837,24.82269503546099,2018-01-30,120
0.47999999999999865,0.0,0.47999999999999865,0.47999999999999865,-0.19000000000000128,0.41999999999999993,0.0,0.41999999999999993,2.8900000000000006,0.879999999999999,0.129999999999999,29.490185005283234,41.551997238252945,30.44982698961934,4.498269896193737,74.25742574257441,2018-01-31,121
0.4900000000000002,0.11999999999999922,0.370000000000001,0.4900000000000002,-0.34999999999999964,0.3600000000000012,0.0,0.3600000000000012,3.1499999999999986,0.879999999999999,0.48999999999999844,30.46063919355924,39.9525523958592,27.936507936507915,15.555555555555515,28.46715328467162,2018-02-01,122
0.25,0.03999999999999915,0.28999999999999915,0.28999999999999915,-0.4599999999999991,0.21999999999999886,0.0,0.21999999999999886,3.3499999999999996,0.8200000000000003,0.8499999999999996,29.06675935077431,38.491808571457774,24.47761194029852,25.373134328358198,1.796407185628696,2018-02-02,123
0.5399999999999991,0.21999999999999886,0.3200000000000003,0.5399999999999991,0.049999999999998934,0.2400000000000002,0.0,0.2400000000000002,3.4799999999999986,0.7699999999999996,1.0699999999999985,28.345701466542817,36.83320456914308,22.12643678160919,30.74712643678158,16.304347826086925,2018-02-05,124
0.5700000000000003,0.02000000000000135,0.5499999999999989,0.5700000000000003,-0.1399999999999988,0.16999999999999993,0.0,0.16999999999999993,3.809999999999997,0.7199999999999989,1.3099999999999987,26.948056539006586,35.38699569466191,18.897637795275575,34.383202099737524,29.06403940886702,2018-02-08,125
0.47999999999999865,0.019999999999999574,0.4599999999999991,0.47999999999999865,-0.11000000000000121,0.019999999999999574,0.0,0.019999999999999574,4.039999999999997,0.5099999999999998,1.4799999999999986,26.621701859203633,33.92200196215471,12.623762376237627,36.63366336633662,48.7437185929648,2018-02-09,126
0.25,0.3000000000000007,0.05000000000000071,0.3000000000000007,-0.1399999999999988,-0.08999999999999986,0.0,0.0,4.349999999999996,0.4299999999999997,1.4999999999999982,28.617299315511723,32.70817979788124,9.885057471264371,34.482758620689644,55.440414507772005,2018-02-12,127
0.23000000000000043,0.09999999999999964,0.13000000000000078,0.23000000000000043,0.019999999999999574,-0.03999999999999915,0.019999999999999574,0.0,4.319999999999997,0.20999999999999908,1.4999999999999982,29.921110268976452,32.00970002085709,4.861111111111093,34.72222222222221,75.43859649122814,2018-02-13,128
0.1899999999999995,0.07000000000000028,0.11999999999999922,0.1899999999999995,-0.07000000000000028,0.02999999999999936,0.0,0.02999999999999936,4.1999999999999975,0.08999999999999986,1.4999999999999982,32.232176395832056,31.519674198761873,2.1428571428571406,35.714285714285694,88.67924528301889,2018-02-14,129
0.1399999999999988,0.10999999999999943,0.02999999999999936,0.1399999999999988,0.03999999999999915,-0.08999999999999986,0.03999999999999915,0.0,4.129999999999997,0.08999999999999986,1.4899999999999984,35.113738136911834,31.374969056923227,2.17917675544794,36.07748184019369,88.60759493670886,2018-02-22,130
0.21000000000000085,0.009999999999999787,0.20000000000000107,0.21000000000000085,-0.05999999999999872,0.13000000000000078,0.0,0.13000000000000078,3.9599999999999955,0.05999999999999872,1.4899999999999984,38.527926412689155,31.570336806721777,1.5151515151514845,37.62626262626263,92.25806451612917,2018-02-23,131
0.5300000000000011,0.5200000000000014,0.009999999999999787,0.5300000000000011,0.41000000000000014,-0.08999999999999986,0.41000000000000014,0.0,3.9199999999999964,0.05999999999999872,1.5899999999999999,43.588410283656906,32.13901883168957,1.530612244897928,40.56122448979595,92.72727272727286,2018-02-26,132
0.16999999999999993,0.02999999999999936,0.1999999999999993,0.1999999999999993,-0.0600000000000005,-0.3000000000000007,0.0,0.0,3.969999999999999,0.46999999999999886,1.17,49.333864829111455,33.338919291695206,11.8387909319899,29.471032745591945,42.68292682926838,2018-02-27,133
0.15000000000000036,0.009999999999999787,0.14000000000000057,0.15000000000000036,-0.08000000000000007,0.0600000000000005,0.0,0.0600000000000005,3.679999999999998,0.46999999999999886,0.8099999999999987,50.87307553371851,35.10207001215771,12.771739130434758,22.01086956521737,26.56250000000004,2018-02-28,134
0.33000000000000007,0.20999999999999908,0.120000000000001,0.33000000000000007,0.17999999999999972,0.0,0.17999999999999972,0.0,3.539999999999999,0.46999999999999886,0.6500000000000004,50.42174529723203,36.735760268405954,13.276836158192062,18.36158192090397,16.07142857142872,2018-03-01,135
1.3900000000000006,1.2400000000000002,0.15000000000000036,1.3900000000000006,1.2200000000000006,-0.16000000000000014,1.2200000000000006,0.0,3.33,0.6499999999999986,0.41000000000000014,50.12023943369259,38.09283760942556,19.519519519519477,12.312312312312317,22.641509433962145,2018-03-02,136
0.5099999999999998,0.22000000000000064,0.7300000000000004,0.7300000000000004,-0.22000000000000064,-0.6600000000000001,0.0,0.0,4.15,1.8699999999999992,0.2400000000000002,49.98391533359891,39.3626792972122,45.0602409638554,5.783132530120486,77.2511848341232,2018-03-05,137
0.2900000000000009,0.019999999999999574,0.27000000000000135,0.2900000000000009,-0.019999999999999574,-0.1999999999999993,0.0,0.0,4.400000000000002,1.8699999999999992,0.22000000000000064,50.171025276820714,40.63501718647608,42.49999999999996,5.000000000000012,78.94736842105256,2018-03-06,138
0.4499999999999993,0.13000000000000078,0.3199999999999985,0.4499999999999993,0.009999999999999787,0.14999999999999858,0.0,0.14999999999999858,4.390000000000002,1.8699999999999992,0.22000000000000064,53.32603872284452,41.87861068813128,42.59681093394073,5.011389521640103,78.94736842105257,2018-03-07,139
0.16999999999999993,0.08000000000000007,0.08999999999999986,0.16999999999999993,-0.34999999999999964,0.07000000000000028,0.0,0.07000000000000028,4.610000000000001,1.8499999999999996,0.3699999999999992,58.14797380005851,43.592003989262146,40.13015184381777,8.02603036876354,66.66666666666671,2018-03-08,140
0.33000000000000007,0.2900000000000009,0.03999999999999915,0.33000000000000007,0.2400000000000002,-0.08000000000000007,0.2400000000000002,0.0,4.590000000000002,1.8499999999999996,0.41000000000000014,61.29561872759476,45.75601695243275,40.30501089324616,8.932461873638344,63.716814159292014,2018-03-09,141
0.35999999999999943,0.33999999999999986,0.019999999999999574,0.35999999999999943,0.17999999999999972,-0.15000000000000036,0.17999999999999972,0.0,4.780000000000003,2.0500000000000007,0.41000000000000014,63.46141714949631,48.09946739719052,42.88702928870292,8.577405857740583,66.66666666666666,2018-03-12,142
0.22999999999999865,0.040000000000000924,0.2699999999999996,0.2699999999999996,-0.13000000000000078,0.0,0.0,0.0,4.9300000000000015,2.2300000000000004,0.27999999999999936,64.58160140410268,50.537312004202676,45.23326572008113,5.679513184584164,77.6892430278885,2018-03-13,143
0.34999999999999964,0.09999999999999964,0.25,0.34999999999999964,-0.10999999999999943,0.23000000000000043,0.0,0.23000000000000043,4.67,1.8200000000000003,0.27999999999999936,65.97215318660996,52.8550924006525,38.972162740899364,5.995717344753734,73.33333333333339,2018-03-14,144
0.3699999999999992,0.14000000000000057,0.22999999999999865,0.3699999999999992,0.08000000000000007,-0.0600000000000005,0.08000000000000007,0.0,4.82,1.8200000000000003,0.5099999999999998,65.84057423924155,55.195192069411306,37.75933609958507,10.580912863070534,56.22317596566526,2018-03-15,145
0.47999999999999865,0.29999999999999893,0.17999999999999972,0.47999999999999865,0.20999999999999908,-0.09999999999999964,0.20999999999999908,0.0,5.039999999999999,1.9000000000000004,0.4499999999999993,63.81206990690694,57.28749325041387,37.69841269841272,8.928571428571416,61.70212765957452,2018-03-16,146
0.2400000000000002,0.049999999999998934,0.19000000000000128,0.2400000000000002,-0.10999999999999943,-0.129999999999999,0.0,0.0,5.189999999999998,1.9299999999999997,0.4499999999999993,62.130478202086046,58.95435746526765,37.18689788053951,8.670520231213864,62.18487394957988,2018-03-19,147
0.35999999999999943,0.0600000000000005,0.29999999999999893,0.35999999999999943,-0.08999999999999986,0.20999999999999908,0.0,0.20999999999999908,4.039999999999997,0.7099999999999991,0.4499999999999993,60.25090379167671,60.32441747055365,17.574257425742562,11.138613861386128,22.41379310344829,2018-03-20,148
0.2699999999999996,0.1399999999999988,0.13000000000000078,0.2699999999999996,0.09999999999999964,-0.1899999999999995,0.09999999999999964,0.0,3.6699999999999964,0.7099999999999991,0.6599999999999984,55.85631131518768,61.248349914154296,19.34604904632152,17.983651226158013,3.6496350364964085,2018-03-21,149
0.6100000000000012,0.4900000000000002,0.120000000000001,0.6100000000000012,0.3600000000000012,-0.019999999999999574,0.3600000000000012,0.0,3.649999999999995,0.8099999999999987,0.6599999999999984,53.416730578139436,61.381340789753494,22.191780821917803,18.082191780821898,10.204081632653104,2018-03-22,150
0.9200000000000017,0.27999999999999936,1.200000000000001,1.200000000000001,-0.33999999999999986,0.6500000000000004,0.0,0.6500000000000004,3.809999999999997,1.17,0.5099999999999998,52.39432943018026,61.387845433964294,30.70866141732286,13.385826771653548,39.2857142857143,2018-03-23,151
0.6600000000000001,0.08000000000000007,0.7400000000000002,0.7400000000000002,-0.9100000000000001,0.6499999999999986,0.0,0.6499999999999986,4.839999999999998,1.17,1.0899999999999999,53.84522228732311,61.44723187052611,24.17355371900827,22.520661157024797,3.539823008849564,2018-03-26,152
0.3199999999999985,0.3999999999999986,0.08000000000000007,0.3999999999999986,0.3199999999999985,-0.6600000000000001,0.3199999999999985,0.0,5.249999999999998,0.9299999999999997,1.7399999999999984,52.65136688575357,61.77072410244945,17.714285714285715,33.142857142857125,30.337078651685367,2018-03-27,153
0.27999999999999936,0.040000000000000924,0.3200000000000003,0.3200000000000003,-0.17999999999999972,0.14000000000000057,0.0,0.14000000000000057,5.289999999999997,1.0699999999999985,1.7399999999999984,49.7192352493512,61.86282386186102,20.22684310018902,32.89224952741019,23.84341637010678,2018-03-28,154
0.2699999999999996,0.2900000000000009,0.02000000000000135,0.2900000000000009,0.05000000000000071,-0.0600000000000005,0.05000000000000071,0.0,5.339999999999998,1.0699999999999985,1.879999999999999,46.275238246167085,61.651328757869024,20.03745318352058,35.205992509363284,27.457627118644094,2018-03-29,155
0.2599999999999998,0.25,0.009999999999999787,0.2599999999999998,0.17999999999999972,-0.1899999999999995,0.17999999999999972,0.0,5.279999999999999,1.1199999999999992,1.6499999999999986,43.05712941476655,60.99540391537768,21.2121212121212,31.24999999999998,19.13357400722021,2018-03-30,156
0.23000000000000043,0.08999999999999986,0.14000000000000057,0.23000000000000043,0.05000000000000071,-0.08000000000000007,0.05000000000000071,0.0,5.17,1.2199999999999989,1.6499999999999986,40.08631112355114,59.8510943393344,23.59767891682783,31.91489361702125,14.982578397212546,2018-04-02,157
0.3199999999999985,0.120000000000001,0.4399999999999995,0.4399999999999995,-0.3500000000000014,0.4399999999999995,0.0,0.4399999999999995,4.920000000000002,1.0600000000000005,1.6499999999999986,37.04042138842118,58.33983647088071,21.544715447154474,33.53658536585362,21.77121771217706,2018-04-03,158
0.28000000000000114,0.16999999999999993,0.11000000000000121,0.28000000000000114,0.030000000000001137,-0.06999999999999851,0.030000000000001137,0.0,5.120000000000001,1.0600000000000005,2.089999999999998,34.23445582876558,56.49815612736789,20.703125000000007,40.82031249999996,32.69841269841264,2018-04-04,159
0.2400000000000002,0.009999999999999787,0.25,0.25,-0.08999999999999986,0.049999999999998934,0.0,0.049999999999998934,5.040000000000003,1.0900000000000016,1.879999999999999,31.422528933173346,54.426086681430846,21.626984126984148,37.30158730158726,26.599326599326506,2018-04-09,160
0.16000000000000014,0.019999999999999574,0.14000000000000057,0.16000000000000014,-0.030000000000001137,-0.049999999999998934,0.0,0.0,5.020000000000003,0.990000000000002,1.929999999999998,28.50165351229791,52.09098973461655,19.721115537848632,38.44621513944217,32.19178082191767,2018-04-10,161
0.17999999999999972,0.15000000000000036,0.02999999999999936,0.17999999999999972,0.120000000000001,-0.10000000000000142,0.120000000000001,0.0,4.570000000000002,0.6300000000000008,1.929999999999998,26.999691315813685,49.57475247537786,13.785557986870907,42.231947483588556,50.78124999999992,2018-04-11,162
0.1899999999999995,0.03999999999999915,0.15000000000000036,0.1899999999999995,-0.11000000000000121,0.120000000000001,0.0,0.120000000000001,3.5500000000000007,0.7500000000000018,1.2799999999999976,26.317136462090275,47.18010617615427,21.12676056338033,36.05633802816894,26.10837438423625,2018-04-12,163
0.16000000000000014,0.07000000000000028,0.08999999999999986,0.16000000000000014,-0.05999999999999872,0.02999999999999936,0.0,0.02999999999999936,3.0,0.7500000000000018,0.75,24.062355239256295,44.89911263904681,25.00000000000006,25.0,1.207922650792169e-13,2018-04-13,164
0.379999999999999,0.20999999999999908,0.16999999999999993,0.379999999999999,0.05999999999999872,0.16000000000000014,0.0,0.16000000000000014,2.7600000000000016,0.43000000000000327,0.7799999999999994,22.661493170290782,42.49640452809341,15.579710144927647,28.26086956521735,28.925619834710353,2018-04-16,165
0.22000000000000064,0.009999999999999787,0.23000000000000043,0.23000000000000043,-0.1999999999999993,0.040000000000000924,0.0,0.040000000000000924,2.8200000000000003,0.43000000000000327,0.7999999999999989,24.241242220179156,40.33417451472701,15.248226950354724,28.368794326241094,30.081300813007722,2018-04-17,166
0.2599999999999998,0.07000000000000028,0.1899999999999995,0.2599999999999998,-0.009999999999999787,0.049999999999998934,0.0,0.049999999999998934,2.76,0.38000000000000256,0.8399999999999999,25.483568418951318,38.60944080797251,13.76811594202908,30.43478260869565,37.70491803278659,2018-04-18,167
0.14000000000000057,0.10999999999999943,0.030000000000001137,0.14000000000000057,0.08000000000000007,-0.1999999999999993,0.08000000000000007,0.0,2.76,0.20000000000000284,0.8899999999999988,25.384768653143333,37.00516363219397,7.246376811594306,32.24637681159416,63.30275229357753,2018-04-19,168
0.34999999999999964,0.019999999999999574,0.3699999999999992,0.3699999999999992,-0.14000000000000057,0.34999999999999964,0.0,0.34999999999999964,2.67,0.2300000000000022,0.8899999999999988,29.119951733438832,35.22021029469473,8.61423220973791,33.333333333333286,58.928571428571075,2018-04-20,169
0.33999999999999986,0.02999999999999936,0.3699999999999992,0.3699999999999992,-0.09999999999999964,0.08999999999999986,0.0,0.08999999999999986,2.5999999999999996,0.2300000000000022,0.7999999999999989,30.90692003199419,33.98294579019353,8.846153846153932,30.76923076923073,55.33980582524234,2018-04-23,170
0.1999999999999993,0.15000000000000036,0.049999999999998934,0.1999999999999993,0.019999999999999574,-0.16000000000000014,0.019999999999999574,0.0,2.6899999999999977,0.20000000000000107,0.8899999999999988,32.875444372940166,32.918861607768434,7.434944237918262,33.085501858736045,63.30275229357778,2018-04-24,171
0.10000000000000142,0.049999999999998934,0.15000000000000036,0.15000000000000036,-0.049999999999998934,-0.049999999999998934,0.0,0.0,2.639999999999997,0.22000000000000064,0.8399999999999999,35.11576469637352,32.20440726200087,8.333333333333368,31.818181818181852,58.490566037735746,2018-04-25,172
0.22999999999999865,0.03999999999999915,0.1899999999999995,0.22999999999999865,-0.02000000000000135,0.14999999999999858,0.0,0.14999999999999858,2.6299999999999972,0.22000000000000064,0.8399999999999999,37.57557669828074,31.84809198731589,8.365019011406877,31.93916349809889,58.49056603773576,2018-04-26,173
0.2699999999999996,0.20000000000000107,0.06999999999999851,0.2699999999999996,0.030000000000001137,0.009999999999999787,0.030000000000001137,0.0,2.679999999999996,0.09999999999999964,0.9899999999999984,40.29482592581345,31.84490933585569,3.7313432835820817,36.940298507462686,81.651376146789,2018-04-27,174
0.1899999999999995,0.049999999999998934,0.14000000000000057,0.1899999999999995,-0.030000000000001137,-0.049999999999998934,0.0,0.0,2.7599999999999962,0.13000000000000078,0.8699999999999974,44.03733582797669,32.2182626961635,4.710144927536267,31.521739130434735,73.9999999999998,2018-05-02,175
0.2599999999999998,0.10999999999999943,0.15000000000000036,0.2599999999999998,0.040000000000000924,0.02999999999999936,0.040000000000000924,0.0,2.7899999999999956,0.13000000000000078,0.8399999999999981,46.61868503432589,33.0648495649994,4.65949820788534,30.10752688172041,73.19587628865959,2018-05-03,176
0.16000000000000014,0.09999999999999964,0.0600000000000005,0.16000000000000014,0.08999999999999986,-0.1899999999999995,0.08999999999999986,0.0,2.6699999999999964,0.1700000000000017,0.6799999999999979,49.53096938990921,34.17594364671825,6.367041198501945,25.468164794007446,59.99999999999959,2018-05-04,177
0.15000000000000036,0.17999999999999972,0.02999999999999936,0.17999999999999972,0.09999999999999964,-0.10999999999999943,0.09999999999999964,0.0,2.599999999999996,0.26000000000000156,0.639999999999997,51.26898308853932,35.67229366129291,10.000000000000075,24.615384615384535,42.22222222222178,2018-05-07,178
0.1399999999999988,0.07000000000000028,0.06999999999999851,0.1399999999999988,0.009999999999999787,-0.02000000000000135,0.009999999999999787,0.0,2.519999999999996,0.3600000000000012,0.5899999999999981,50.73404385242819,37.29775025325265,14.285714285714358,23.412698412698376,24.210526315789163,2018-05-08,179
0.23000000000000043,0.13000000000000078,0.09999999999999964,0.23000000000000043,0.11000000000000121,-0.019999999999999574,0.11000000000000121,0.0,2.5199999999999942,0.2900000000000009,0.5899999999999981,50.615428348150246,38.79037326289182,11.507936507936572,23.41269841269839,34.0909090909088,2018-05-09,180
0.14000000000000057,0.10999999999999943,0.030000000000001137,0.14000000000000057,-0.05000000000000071,-0.03999999999999915,0.0,0.0,2.3799999999999955,0.40000000000000213,0.23999999999999844,52.74611016633203,40.44252686318032,16.80672268907575,10.084033613445332,25.000000000000554,2018-05-10,181
0.1999999999999993,0.05000000000000071,0.14999999999999858,0.1999999999999993,0.0,0.05999999999999872,0.0,0.05999999999999872,2.149999999999997,0.40000000000000213,0.14999999999999858,52.50075892666268,42.455983039069274,18.604651162790827,6.976744186046456,45.45454545454604,2018-05-11,182
0.17999999999999972,0.11999999999999922,0.0600000000000005,0.17999999999999972,-0.07000000000000028,0.05000000000000071,0.0,0.05000000000000071,2.149999999999997,0.38000000000000256,0.2099999999999973,53.46158671675882,44.206868380745156,17.674418604651308,9.767441860465006,28.81355932203479,2018-05-14,183
0.17999999999999972,0.019999999999999574,0.1999999999999993,0.1999999999999993,-0.1899999999999995,0.1899999999999995,0.0,0.1899999999999995,2.179999999999996,0.38000000000000256,0.259999999999998,52.905876797336845,46.01554626123913,17.431192660550607,11.926605504587085,18.750000000000696,2018-05-15,184
0.13000000000000078,0.02000000000000135,0.10999999999999943,0.13000000000000078,-0.02999999999999936,-0.019999999999999574,0.0,0.0,2.149999999999997,0.38000000000000256,0.29999999999999893,50.12132977898828,47.70088365028735,17.674418604651308,13.953488372092995,11.764705882353446,2018-05-16,185
0.11999999999999922,0.019999999999999574,0.09999999999999964,0.11999999999999922,-0.030000000000001137,0.019999999999999574,0.0,0.019999999999999574,2.009999999999998,0.3500000000000014,0.29999999999999893,47.17358818234968,48.839435589487415,17.412935323383174,14.925373134328321,7.69230769230807,2018-05-17,186
0.09999999999999964,0.040000000000000924,0.05999999999999872,0.09999999999999964,-0.019999999999999574,0.0,0.0,0.0,1.9399999999999977,0.3500000000000014,0.3199999999999985,44.19561954904129,49.67186849909472,18.041237113402158,16.494845360824684,4.477611940298949,2018-05-18,187
0.15000000000000036,0.16999999999999993,0.019999999999999574,0.16999999999999993,0.15000000000000036,-0.09999999999999964,0.15000000000000036,0.0,1.7799999999999976,0.3100000000000005,0.3199999999999985,40.51904827696136,50.193256408019266,17.415730337078703,17.97752808988758,1.5873015873012768,2018-05-21,188
0.09999999999999964,0.07000000000000028,0.02999999999999936,0.09999999999999964,0.03999999999999915,-0.08999999999999986,0.03999999999999915,0.0,1.7899999999999974,0.370000000000001,0.3199999999999985,36.96259424880921,50.30117592730101,20.6703910614526,17.87709497206698,7.246376811594575,2018-05-22,189
0.21999999999999886,0.10999999999999943,0.10999999999999943,0.21999999999999886,0.08999999999999986,0.02999999999999936,0.08999999999999986,0.0,1.7099999999999973,0.3100000000000005,0.3199999999999985,33.759832422175386,50.04058614744953,18.12865497076029,18.713450292397603,1.5873015873012757,2018-05-23,190
0.1399999999999988,0.049999999999998934,0.08999999999999986,0.1399999999999988,-0.16000000000000014,0.08000000000000007,0.0,0.08000000000000007,1.7899999999999974,0.39000000000000057,0.3199999999999985,28.755827762207403,49.43197643930753,21.787709497206766,17.87709497206698,9.859154929577766,2018-05-24,191
0.25,0.02999999999999936,0.22000000000000064,0.25,-0.08999999999999986,0.20000000000000107,0.0,0.20000000000000107,1.6999999999999957,0.27999999999999936,0.3999999999999986,24.747024945306027,48.16413189394896,16.47058823529412,23.529411764705856,17.647058823529353,2018-05-25,192
0.14000000000000057,0.049999999999998934,0.1899999999999995,0.1899999999999995,-0.11999999999999922,0.009999999999999787,0.0,0.009999999999999787,1.8099999999999952,0.27999999999999936,0.5999999999999996,21.275223853735387,46.54660296232888,15.469613259668513,33.149171270718305,36.363636363636445,2018-05-28,193
0.13000000000000078,0.0,0.13000000000000078,0.13000000000000078,0.0,-0.009999999999999787,0.0,0.0,1.7999999999999954,0.27999999999999936,0.5500000000000007,19.79795112646269,44.56363129809485,15.555555555555559,30.555555555555674,32.530120481927874,2018-05-29,194
0.2900000000000009,0.08999999999999986,0.3800000000000008,0.3800000000000008,-0.08999999999999986,0.25,0.0,0.25,1.7499999999999964,0.27999999999999936,0.5,19.192194767694318,42.50436225501051,15.999999999999995,28.57142857142863,28.205128205128315,2018-05-30,195
0.15999999999999837,0.08000000000000007,0.0799999999999983,0.15999999999999837,-0.030000000000001137,-0.10000000000000142,0.0,0.0,1.929999999999998,0.27999999999999936,0.5600000000000005,19.441857385778015,40.49513691479163,14.50777202072537,29.015544041450838,33.333333333333485,2018-05-31,196
0.16999999999999993,0.0,0.16999999999999993,0.16999999999999993,-0.009999999999999787,0.02000000000000135,0.0,0.02000000000000135,1.9599999999999955,0.27999999999999936,0.5600000000000005,19.39450890092956,38.56239264327359,14.285714285714285,28.571428571428665,33.333333333333485,2018-06-01,197
0.11999999999999922,0.019999999999999574,0.09999999999999964,0.11999999999999922,0.0,-0.05000000000000071,0.0,0.0,2.0099999999999962,0.27999999999999936,0.5600000000000023,19.915342234262866,36.474958283882906,13.930348258706463,27.860696517413103,33.33333333333362,2018-06-04,198
0.10999999999999943,0.06999999999999851,0.040000000000000924,0.10999999999999943,0.009999999999999787,-0.019999999999999574,0.009999999999999787,0.0,2.029999999999996,0.27999999999999936,0.5600000000000023,19.157766476687087,34.47092182394125,13.79310344827586,27.586206896551897,33.33333333333362,2018-06-05,199
